Title,Author,Genre,Publisher,Year of Publication,ISBN,Description,Language,Image
A Light in the Attic,Unknown,Unknown,Unknown,Unknown,Unknown,None,English,images\A_Light_in_the_Attic.jpg
Tipping the Velvet,Unknown,Unknown,Unknown,Unknown,Unknown,None,English,images\Tipping_the_Velvet.jpg
Soumission,Unknown,Unknown,Unknown,Unknown,Unknown,None,English,images\Soumission.jpg
Sharp Objects,Unknown,Unknown,Unknown,Unknown,Unknown,None,English,images\Sharp_Objects.jpg
Sapiens: A Brief History of Humankind,Unknown,Unknown,Unknown,Unknown,Unknown,None,English,images\Sapiens__A_Brief_History_of_Humankind.jpg
The Requiem Red,Unknown,Unknown,Unknown,Unknown,Unknown,None,English,images\The_Requiem_Red.jpg
The Dirty Little Secrets of Getting Your Dream Job,Unknown,Unknown,Unknown,Unknown,Unknown,None,English,images\The_Dirty_Little_Secrets_of_Getting_Your_Dream_Job.jpg
"The Coming Woman: A Novel Based on the Life of the Infamous Feminist, Victoria Woodhull",Unknown,Unknown,Unknown,Unknown,Unknown,None,English,images\The_Coming_Woman__A_Novel_Based_on_the_Life_of_the_Infamous_Feminist__Victoria_Woodhull.jpg
The Boys in the Boat: Nine Americans and Their Epic Quest for Gold at the 1936 Berlin Olympics,Unknown,Unknown,Unknown,Unknown,Unknown,None,English,images\The_Boys_in_the_Boat__Nine_Americans_and_Their_Epic_Quest_for_Gold_at_the_1936_Berlin_Olympics.jpg
The Black Maria,Unknown,Unknown,Unknown,Unknown,Unknown,None,English,images\The_Black_Maria.jpg
"Starving Hearts (Triangular Trade Trilogy, #1)",Unknown,Unknown,Unknown,Unknown,Unknown,None,English,images\Starving_Hearts__Triangular_Trade_Trilogy___1_.jpg
Shakespeare's Sonnets,Unknown,Unknown,Unknown,Unknown,Unknown,None,English,images\Shakespeare_s_Sonnets.jpg
Set Me Free,Unknown,Unknown,Unknown,Unknown,Unknown,None,English,images\Set_Me_Free.jpg
Scott Pilgrim's Precious Little Life (Scott Pilgrim #1),Unknown,Unknown,Unknown,Unknown,Unknown,None,English,images\Scott_Pilgrim_s_Precious_Little_Life__Scott_Pilgrim__1_.jpg
Rip it Up and Start Again,Unknown,Unknown,Unknown,Unknown,Unknown,None,English,images\Rip_it_Up_and_Start_Again.jpg
"Our Band Could Be Your Life: Scenes from the American Indie Underground, 1981-1991",Unknown,Unknown,Unknown,Unknown,Unknown,None,English,images\Our_Band_Could_Be_Your_Life__Scenes_from_the_American_Indie_Underground__1981_1991.jpg
Olio,Unknown,Unknown,Unknown,Unknown,Unknown,None,English,images\Olio.jpg
Mesaerion: The Best Science Fiction Stories 1800-1849,Unknown,Unknown,Unknown,Unknown,Unknown,None,English,images\Mesaerion__The_Best_Science_Fiction_Stories_1800_1849.jpg
Libertarianism for Beginners,Unknown,Unknown,Unknown,Unknown,Unknown,None,English,images\Libertarianism_for_Beginners.jpg
It's Only the Himalayas,Unknown,Unknown,Unknown,Unknown,Unknown,None,English,images\It_s_Only_the_Himalayas.jpg
In Her Wake,Unknown,Unknown,Unknown,Unknown,Unknown,None,English,images\In_Her_Wake.jpg
How Music Works,Unknown,Unknown,Unknown,Unknown,Unknown,None,English,images\How_Music_Works.jpg
"Foolproof Preserving: A Guide to Small Batch Jams, Jellies, Pickles, Condiments, and More: A Foolproof Guide to Making Small Batch Jams, Jellies, Pickles, Condiments, and More",Unknown,Unknown,Unknown,Unknown,Unknown,None,English,images\Foolproof_Preserving__A_Guide_to_Small_Batch_Jams__Jellies__Pickles__Condiments__and_More__A_Foolproof_Guide_to_Making_Small_Batch_Jams__Jellies__Pickles__Condiments__and_More.jpg
Chase Me (Paris Nights #2),Unknown,Unknown,Unknown,Unknown,Unknown,None,English,images\Chase_Me__Paris_Nights__2_.jpg
Black Dust,Unknown,Unknown,Unknown,Unknown,Unknown,None,English,images\Black_Dust.jpg
Birdsong: A Story in Pictures,Unknown,Unknown,Unknown,Unknown,Unknown,None,English,images\Birdsong__A_Story_in_Pictures.jpg
America's Cradle of Quarterbacks: Western Pennsylvania's Football Factory from Johnny Unitas to Joe Montana,Unknown,Unknown,Unknown,Unknown,Unknown,None,English,images\America_s_Cradle_of_Quarterbacks__Western_Pennsylvania_s_Football_Factory_from_Johnny_Unitas_to_Joe_Montana.jpg
Aladdin and His Wonderful Lamp,Unknown,Unknown,Unknown,Unknown,Unknown,None,English,images\Aladdin_and_His_Wonderful_Lamp.jpg
Worlds Elsewhere: Journeys Around Shakespeare’s Globe,Unknown,Unknown,Unknown,Unknown,Unknown,None,English,images\Worlds_Elsewhere__Journeys_Around_Shakespeare_s_Globe.jpg
Wall and Piece,Unknown,Unknown,Unknown,Unknown,Unknown,None,English,images\Wall_and_Piece.jpg
The Four Agreements: A Practical Guide to Personal Freedom,Unknown,Unknown,Unknown,Unknown,Unknown,None,English,images\The_Four_Agreements__A_Practical_Guide_to_Personal_Freedom.jpg
The Five Love Languages: How to Express Heartfelt Commitment to Your Mate,Unknown,Unknown,Unknown,Unknown,Unknown,None,English,images\The_Five_Love_Languages__How_to_Express_Heartfelt_Commitment_to_Your_Mate.jpg
The Elephant Tree,Unknown,Unknown,Unknown,Unknown,Unknown,None,English,images\The_Elephant_Tree.jpg
The Bear and the Piano,Unknown,Unknown,Unknown,Unknown,Unknown,None,English,images\The_Bear_and_the_Piano.jpg
Sophie's World,Unknown,Unknown,Unknown,Unknown,Unknown,None,English,images\Sophie_s_World.jpg
Penny Maybe,Unknown,Unknown,Unknown,Unknown,Unknown,None,English,images\Penny_Maybe.jpg
Maude (1883-1993):She Grew Up with the country,Unknown,Unknown,Unknown,Unknown,Unknown,None,English,images\Maude__1883_1993__She_Grew_Up_with_the_country.jpg
"In a Dark, Dark Wood",Unknown,Unknown,Unknown,Unknown,Unknown,None,English,images\In_a_Dark__Dark_Wood.jpg
Behind Closed Doors,Unknown,Unknown,Unknown,Unknown,Unknown,None,English,images\Behind_Closed_Doors.jpg
You can't bury them all: Poems,Unknown,Unknown,Unknown,Unknown,Unknown,None,English,images\You_can_t_bury_them_all__Poems.jpg
Slow States of Collapse: Poems,Unknown,Unknown,Unknown,Unknown,Unknown,None,English,images\Slow_States_of_Collapse__Poems.jpg
Reasons to Stay Alive,Unknown,Unknown,Unknown,Unknown,Unknown,None,English,images\Reasons_to_Stay_Alive.jpg
Private Paris (Private #10),Unknown,Unknown,Unknown,Unknown,Unknown,None,English,images\Private_Paris__Private__10_.jpg
#HigherSelfie: Wake Up Your Life. Free Your Soul. Find Your Tribe.,Unknown,Unknown,Unknown,Unknown,Unknown,None,English,images\_HigherSelfie__Wake_Up_Your_Life__Free_Your_Soul__Find_Your_Tribe_.jpg
Without Borders (Wanderlove #1),Unknown,Unknown,Unknown,Unknown,Unknown,None,English,images\Without_Borders__Wanderlove__1_.jpg
When We Collided,Unknown,Unknown,Unknown,Unknown,Unknown,None,English,images\When_We_Collided.jpg
"We Love You, Charlie Freeman",Unknown,Unknown,Unknown,Unknown,Unknown,None,English,images\We_Love_You__Charlie_Freeman.jpg
Untitled Collection: Sabbath Poems 2014,Unknown,Unknown,Unknown,Unknown,Unknown,None,English,images\Untitled_Collection__Sabbath_Poems_2014.jpg
"Unseen City: The Majesty of Pigeons, the Discreet Charm of Snails & Other Wonders of the Urban Wilderness",Unknown,Unknown,Unknown,Unknown,Unknown,None,English,images\Unseen_City__The_Majesty_of_Pigeons__the_Discreet_Charm_of_Snails___Other_Wonders_of_the_Urban_Wilderness.jpg
Unicorn Tracks,Unknown,Unknown,Unknown,Unknown,Unknown,None,English,images\Unicorn_Tracks.jpg
"Unbound: How Eight Technologies Made Us Human, Transformed Society, and Brought Our World to the Brink",Unknown,Unknown,Unknown,Unknown,Unknown,None,English,images\Unbound__How_Eight_Technologies_Made_Us_Human__Transformed_Society__and_Brought_Our_World_to_the_Brink.jpg
Tsubasa: WoRLD CHRoNiCLE 2 (Tsubasa WoRLD CHRoNiCLE #2),Unknown,Unknown,Unknown,Unknown,Unknown,None,English,images\Tsubasa__WoRLD_CHRoNiCLE_2__Tsubasa_WoRLD_CHRoNiCLE__2_.jpg
Throwing Rocks at the Google Bus: How Growth Became the Enemy of Prosperity,Unknown,Unknown,Unknown,Unknown,Unknown,None,English,images\Throwing_Rocks_at_the_Google_Bus__How_Growth_Became_the_Enemy_of_Prosperity.jpg
This One Summer,Unknown,Unknown,Unknown,Unknown,Unknown,None,English,images\This_One_Summer.jpg
Thirst,Unknown,Unknown,Unknown,Unknown,Unknown,None,English,images\Thirst.jpg
The Torch Is Passed: A Harding Family Story,Unknown,Unknown,Unknown,Unknown,Unknown,None,English,images\The_Torch_Is_Passed__A_Harding_Family_Story.jpg
The Secret of Dreadwillow Carse,Unknown,Unknown,Unknown,Unknown,Unknown,None,English,images\The_Secret_of_Dreadwillow_Carse.jpg
"The Pioneer Woman Cooks: Dinnertime: Comfort Classics, Freezer Food, 16-Minute Meals, and Other Delicious Ways to Solve Supper!",Unknown,Unknown,Unknown,Unknown,Unknown,None,English,images\The_Pioneer_Woman_Cooks__Dinnertime__Comfort_Classics__Freezer_Food__16_Minute_Meals__and_Other_Delicious_Ways_to_Solve_Supper_.jpg
The Past Never Ends,Unknown,Unknown,Unknown,Unknown,Unknown,None,English,images\The_Past_Never_Ends.jpg
The Natural History of Us (The Fine Art of Pretending #2),Unknown,Unknown,Unknown,Unknown,Unknown,None,English,images\The_Natural_History_of_Us__The_Fine_Art_of_Pretending__2_.jpg
The Nameless City (The Nameless City #1),Unknown,Unknown,Unknown,Unknown,Unknown,None,English,images\The_Nameless_City__The_Nameless_City__1_.jpg
The Murder That Never Was (Forensic Instincts #5),Unknown,Unknown,Unknown,Unknown,Unknown,None,English,images\The_Murder_That_Never_Was__Forensic_Instincts__5_.jpg
The Most Perfect Thing: Inside (and Outside) a Bird's Egg,Unknown,Unknown,Unknown,Unknown,Unknown,None,English,images\The_Most_Perfect_Thing__Inside__and_Outside__a_Bird_s_Egg.jpg
"The Mindfulness and Acceptance Workbook for Anxiety: A Guide to Breaking Free from Anxiety, Phobias, and Worry Using Acceptance and Commitment Therapy",Unknown,Unknown,Unknown,Unknown,Unknown,None,English,images\The_Mindfulness_and_Acceptance_Workbook_for_Anxiety__A_Guide_to_Breaking_Free_from_Anxiety__Phobias__and_Worry_Using_Acceptance_and_Commitment_Therapy.jpg
The Life-Changing Magic of Tidying Up: The Japanese Art of Decluttering and Organizing,Unknown,Unknown,Unknown,Unknown,Unknown,None,English,images\The_Life_Changing_Magic_of_Tidying_Up__The_Japanese_Art_of_Decluttering_and_Organizing.jpg
"The Inefficiency Assassin: Time Management Tactics for Working Smarter, Not Longer",Unknown,Unknown,Unknown,Unknown,Unknown,None,English,images\The_Inefficiency_Assassin__Time_Management_Tactics_for_Working_Smarter__Not_Longer.jpg
The Gutsy Girl: Escapades for Your Life of Epic Adventure,Unknown,Unknown,Unknown,Unknown,Unknown,None,English,images\The_Gutsy_Girl__Escapades_for_Your_Life_of_Epic_Adventure.jpg
The Electric Pencil: Drawings from Inside State Hospital No. 3,Unknown,Unknown,Unknown,Unknown,Unknown,None,English,images\The_Electric_Pencil__Drawings_from_Inside_State_Hospital_No__3.jpg
The Death of Humanity: and the Case for Life,Unknown,Unknown,Unknown,Unknown,Unknown,None,English,images\The_Death_of_Humanity__and_the_Case_for_Life.jpg
"The Bulletproof Diet: Lose up to a Pound a Day, Reclaim Energy and Focus, Upgrade Your Life",Unknown,Unknown,Unknown,Unknown,Unknown,None,English,images\The_Bulletproof_Diet__Lose_up_to_a_Pound_a_Day__Reclaim_Energy_and_Focus__Upgrade_Your_Life.jpg
The Art Forger,Unknown,Unknown,Unknown,Unknown,Unknown,None,English,images\The_Art_Forger.jpg
The Age of Genius: The Seventeenth Century and the Birth of the Modern Mind,Unknown,Unknown,Unknown,Unknown,Unknown,None,English,images\The_Age_of_Genius__The_Seventeenth_Century_and_the_Birth_of_the_Modern_Mind.jpg
The Activist's Tao Te Ching: Ancient Advice for a Modern Revolution,Unknown,Unknown,Unknown,Unknown,Unknown,None,English,images\The_Activist_s_Tao_Te_Ching__Ancient_Advice_for_a_Modern_Revolution.jpg
Spark Joy: An Illustrated Master Class on the Art of Organizing and Tidying Up,Unknown,Unknown,Unknown,Unknown,Unknown,None,English,images\Spark_Joy__An_Illustrated_Master_Class_on_the_Art_of_Organizing_and_Tidying_Up.jpg
Soul Reader,Unknown,Unknown,Unknown,Unknown,Unknown,None,English,images\Soul_Reader.jpg
Security,Unknown,Unknown,Unknown,Unknown,Unknown,None,English,images\Security.jpg
"Saga, Volume 6 (Saga (Collected Editions) #6)",Unknown,Unknown,Unknown,Unknown,Unknown,None,English,images\Saga__Volume_6__Saga__Collected_Editions___6_.jpg
"Saga, Volume 5 (Saga (Collected Editions) #5)",Unknown,Unknown,Unknown,Unknown,Unknown,None,English,images\Saga__Volume_5__Saga__Collected_Editions___5_.jpg
Reskilling America: Learning to Labor in the Twenty-First Century,Unknown,Unknown,Unknown,Unknown,Unknown,None,English,images\Reskilling_America__Learning_to_Labor_in_the_Twenty_First_Century.jpg
"Rat Queens, Vol. 3: Demons (Rat Queens (Collected Editions) #11-15)",Unknown,Unknown,Unknown,Unknown,Unknown,None,English,images\Rat_Queens__Vol__3__Demons__Rat_Queens__Collected_Editions___11_15_.jpg
"Princess Jellyfish 2-in-1 Omnibus, Vol. 01 (Princess Jellyfish 2-in-1 Omnibus #1)",Unknown,Unknown,Unknown,Unknown,Unknown,None,English,images\Princess_Jellyfish_2_in_1_Omnibus__Vol__01__Princess_Jellyfish_2_in_1_Omnibus__1_.jpg
Princess Between Worlds (Wide-Awake Princess #5),Unknown,Unknown,Unknown,Unknown,Unknown,None,English,images\Princess_Between_Worlds__Wide_Awake_Princess__5_.jpg
"Pop Gun War, Volume 1: Gift",Unknown,Unknown,Unknown,Unknown,Unknown,None,English,images\Pop_Gun_War__Volume_1__Gift.jpg
"Political Suicide: Missteps, Peccadilloes, Bad Calls, Backroom Hijinx, Sordid Pasts, Rotten Breaks, and Just Plain Dumb Mistakes in the Annals of American Politics",Unknown,Unknown,Unknown,Unknown,Unknown,None,English,images\Political_Suicide__Missteps__Peccadilloes__Bad_Calls__Backroom_Hijinx__Sordid_Pasts__Rotten_Breaks__and_Just_Plain_Dumb_Mistakes_in_the_Annals_of_American_Politics.jpg
Patience,Unknown,Unknown,Unknown,Unknown,Unknown,None,English,images\Patience.jpg
"Outcast, Vol. 1: A Darkness Surrounds Him (Outcast #1)",Unknown,Unknown,Unknown,Unknown,Unknown,None,English,images\Outcast__Vol__1__A_Darkness_Surrounds_Him__Outcast__1_.jpg
orange: The Complete Collection 1 (orange: The Complete Collection #1),Unknown,Unknown,Unknown,Unknown,Unknown,None,English,images\orange__The_Complete_Collection_1__orange__The_Complete_Collection__1_.jpg
Online Marketing for Busy Authors: A Step-By-Step Guide,Unknown,Unknown,Unknown,Unknown,Unknown,None,English,images\Online_Marketing_for_Busy_Authors__A_Step_By_Step_Guide.jpg
On a Midnight Clear,Unknown,Unknown,Unknown,Unknown,Unknown,None,English,images\On_a_Midnight_Clear.jpg
Obsidian (Lux #1),Unknown,Unknown,Unknown,Unknown,Unknown,None,English,images\Obsidian__Lux__1_.jpg
My Paris Kitchen: Recipes and Stories,Unknown,Unknown,Unknown,Unknown,Unknown,None,English,images\My_Paris_Kitchen__Recipes_and_Stories.jpg
Masks and Shadows,Unknown,Unknown,Unknown,Unknown,Unknown,None,English,images\Masks_and_Shadows.jpg
"Mama Tried: Traditional Italian Cooking for the Screwed, Crude, Vegan, and Tattooed",Unknown,Unknown,Unknown,Unknown,Unknown,None,English,images\Mama_Tried__Traditional_Italian_Cooking_for_the_Screwed__Crude__Vegan__and_Tattooed.jpg
"Lumberjanes, Vol. 2: Friendship to the Max (Lumberjanes #5-8)",Unknown,Unknown,Unknown,Unknown,Unknown,None,English,images\Lumberjanes__Vol__2__Friendship_to_the_Max__Lumberjanes__5_8_.jpg
"Lumberjanes, Vol. 1: Beware the Kitten Holy (Lumberjanes #1-4)",Unknown,Unknown,Unknown,Unknown,Unknown,None,English,images\Lumberjanes__Vol__1__Beware_the_Kitten_Holy__Lumberjanes__1_4_.jpg
Lumberjanes Vol. 3: A Terrible Plan (Lumberjanes #9-12),Unknown,Unknown,Unknown,Unknown,Unknown,None,English,images\Lumberjanes_Vol__3__A_Terrible_Plan__Lumberjanes__9_12_.jpg
"Layered: Baking, Building, and Styling Spectacular Cakes",Unknown,Unknown,Unknown,Unknown,Unknown,None,English,images\Layered__Baking__Building__and_Styling_Spectacular_Cakes.jpg
Judo: Seven Steps to Black Belt (an Introductory Guide for Beginners),Unknown,Unknown,Unknown,Unknown,Unknown,None,English,images\Judo__Seven_Steps_to_Black_Belt__an_Introductory_Guide_for_Beginners_.jpg
Join,Unknown,Unknown,Unknown,Unknown,Unknown,None,English,images\Join.jpg
In the Country We Love: My Family Divided,Unknown,Unknown,Unknown,Unknown,Unknown,None,English,images\In_the_Country_We_Love__My_Family_Divided.jpg
Immunity: How Elie Metchnikoff Changed the Course of Modern Medicine,Unknown,Unknown,Unknown,Unknown,Unknown,None,English,images\Immunity__How_Elie_Metchnikoff_Changed_the_Course_of_Modern_Medicine.jpg
"I Hate Fairyland, Vol. 1: Madly Ever After (I Hate Fairyland (Compilations) #1-5)",Unknown,Unknown,Unknown,Unknown,Unknown,None,English,images\I_Hate_Fairyland__Vol__1__Madly_Ever_After__I_Hate_Fairyland__Compilations___1_5_.jpg
I am a Hero Omnibus Volume 1,Unknown,Unknown,Unknown,Unknown,Unknown,None,English,images\I_am_a_Hero_Omnibus_Volume_1.jpg
How to Be Miserable: 40 Strategies You Already Use,Unknown,Unknown,Unknown,Unknown,Unknown,None,English,images\How_to_Be_Miserable__40_Strategies_You_Already_Use.jpg
Her Backup Boyfriend (The Sorensen Family #1),Unknown,Unknown,Unknown,Unknown,Unknown,None,English,images\Her_Backup_Boyfriend__The_Sorensen_Family__1_.jpg
"Giant Days, Vol. 2 (Giant Days #5-8)",Unknown,Unknown,Unknown,Unknown,Unknown,None,English,images\Giant_Days__Vol__2__Giant_Days__5_8_.jpg
Forever and Forever: The Courtship of Henry Longfellow and Fanny Appleton,Unknown,Unknown,Unknown,Unknown,Unknown,None,English,images\Forever_and_Forever__The_Courtship_of_Henry_Longfellow_and_Fanny_Appleton.jpg
First and First (Five Boroughs #3),Unknown,Unknown,Unknown,Unknown,Unknown,None,English,images\First_and_First__Five_Boroughs__3_.jpg
Fifty Shades Darker (Fifty Shades #2),Unknown,Unknown,Unknown,Unknown,Unknown,None,English,images\Fifty_Shades_Darker__Fifty_Shades__2_.jpg
Everydata: The Misinformation Hidden in the Little Data You Consume Every Day,Unknown,Unknown,Unknown,Unknown,Unknown,None,English,images\Everydata__The_Misinformation_Hidden_in_the_Little_Data_You_Consume_Every_Day.jpg
"Don't Be a Jerk: And Other Practical Advice from Dogen, Japan's Greatest Zen Master",Unknown,Unknown,Unknown,Unknown,Unknown,None,English,images\Don_t_Be_a_Jerk__And_Other_Practical_Advice_from_Dogen__Japan_s_Greatest_Zen_Master.jpg
Danganronpa Volume 1,Unknown,Unknown,Unknown,Unknown,Unknown,None,English,images\Danganronpa_Volume_1.jpg
Crown of Midnight (Throne of Glass #2),Unknown,Unknown,Unknown,Unknown,Unknown,None,English,images\Crown_of_Midnight__Throne_of_Glass__2_.jpg
"Codename Baboushka, Volume 1: The Conclave of Death",Unknown,Unknown,Unknown,Unknown,Unknown,None,English,images\Codename_Baboushka__Volume_1__The_Conclave_of_Death.jpg
Camp Midnight,Unknown,Unknown,Unknown,Unknown,Unknown,None,English,images\Camp_Midnight.jpg
Call the Nurse: True Stories of a Country Nurse on a Scottish Isle,Unknown,Unknown,Unknown,Unknown,Unknown,None,English,images\Call_the_Nurse__True_Stories_of_a_Country_Nurse_on_a_Scottish_Isle.jpg
Burning,Unknown,Unknown,Unknown,Unknown,Unknown,None,English,images\Burning.jpg
Bossypants,Unknown,Unknown,Unknown,Unknown,Unknown,None,English,images\Bossypants.jpg
"Bitch Planet, Vol. 1: Extraordinary Machine (Bitch Planet (Collected Editions))",Unknown,Unknown,Unknown,Unknown,Unknown,None,English,images\Bitch_Planet__Vol__1__Extraordinary_Machine__Bitch_Planet__Collected_Editions__.jpg
"Avatar: The Last Airbender: Smoke and Shadow, Part 3 (Smoke and Shadow #3)",Unknown,Unknown,Unknown,Unknown,Unknown,None,English,images\Avatar__The_Last_Airbender__Smoke_and_Shadow__Part_3__Smoke_and_Shadow__3_.jpg
Algorithms to Live By: The Computer Science of Human Decisions,Unknown,Unknown,Unknown,Unknown,Unknown,None,English,images\Algorithms_to_Live_By__The_Computer_Science_of_Human_Decisions.jpg
A World of Flavor: Your Gluten Free Passport,Unknown,Unknown,Unknown,Unknown,Unknown,None,English,images\A_World_of_Flavor__Your_Gluten_Free_Passport.jpg
"A Piece of Sky, a Grain of Rice: A Memoir in Four Meditations",Unknown,Unknown,Unknown,Unknown,Unknown,None,English,images\A_Piece_of_Sky__a_Grain_of_Rice__A_Memoir_in_Four_Meditations.jpg
A Murder in Time,Unknown,Unknown,Unknown,Unknown,Unknown,None,English,images\A_Murder_in_Time.jpg
A Flight of Arrows (The Pathfinders #2),Unknown,Unknown,Unknown,Unknown,Unknown,None,English,images\A_Flight_of_Arrows__The_Pathfinders__2_.jpg
A Fierce and Subtle Poison,Unknown,Unknown,Unknown,Unknown,Unknown,None,English,images\A_Fierce_and_Subtle_Poison.jpg
A Court of Thorns and Roses (A Court of Thorns and Roses #1),Unknown,Unknown,Unknown,Unknown,Unknown,None,English,images\A_Court_of_Thorns_and_Roses__A_Court_of_Thorns_and_Roses__1_.jpg
(Un)Qualified: How God Uses Broken People to Do Big Things,Unknown,Unknown,Unknown,Unknown,Unknown,None,English,images\_Un_Qualified__How_God_Uses_Broken_People_to_Do_Big_Things.jpg
You Are What You Love: The Spiritual Power of Habit,Unknown,Unknown,Unknown,Unknown,Unknown,None,English,images\You_Are_What_You_Love__The_Spiritual_Power_of_Habit.jpg
"William Shakespeare's Star Wars: Verily, A New Hope (William Shakespeare's Star Wars #4)",Unknown,Unknown,Unknown,Unknown,Unknown,None,English,images\William_Shakespeare_s_Star_Wars__Verily__A_New_Hope__William_Shakespeare_s_Star_Wars__4_.jpg
Tuesday Nights in 1980,Unknown,Unknown,Unknown,Unknown,Unknown,None,English,images\Tuesday_Nights_in_1980.jpg
Tracing Numbers on a Train,Unknown,Unknown,Unknown,Unknown,Unknown,None,English,images\Tracing_Numbers_on_a_Train.jpg
Throne of Glass (Throne of Glass #1),Unknown,Unknown,Unknown,Unknown,Unknown,None,English,images\Throne_of_Glass__Throne_of_Glass__1_.jpg
Thomas Jefferson and the Tripoli Pirates: The Forgotten War That Changed American History,Unknown,Unknown,Unknown,Unknown,Unknown,None,English,images\Thomas_Jefferson_and_the_Tripoli_Pirates__The_Forgotten_War_That_Changed_American_History.jpg
Thirteen Reasons Why,Unknown,Unknown,Unknown,Unknown,Unknown,None,English,images\Thirteen_Reasons_Why.jpg
The White Cat and the Monk: A Retelling of the Poem “Pangur Bán”,Unknown,Unknown,Unknown,Unknown,Unknown,None,English,images\The_White_Cat_and_the_Monk__A_Retelling_of_the_Poem__Pangur_Bán_.jpg
The Wedding Dress,Unknown,Unknown,Unknown,Unknown,Unknown,None,English,images\The_Wedding_Dress.jpg
The Vacationers,Unknown,Unknown,Unknown,Unknown,Unknown,None,English,images\The_Vacationers.jpg
The Third Wave: An Entrepreneur’s Vision of the Future,Unknown,Unknown,Unknown,Unknown,Unknown,None,English,images\The_Third_Wave__An_Entrepreneur_s_Vision_of_the_Future.jpg
The Stranger,Unknown,Unknown,Unknown,Unknown,Unknown,None,English,images\The_Stranger.jpg
The Shadow Hero (The Shadow Hero),Unknown,Unknown,Unknown,Unknown,Unknown,None,English,images\The_Shadow_Hero__The_Shadow_Hero_.jpg
The Secret (The Secret #1),Unknown,Unknown,Unknown,Unknown,Unknown,None,English,images\The_Secret__The_Secret__1_.jpg
The Regional Office Is Under Attack!,Unknown,Unknown,Unknown,Unknown,Unknown,None,English,images\The_Regional_Office_Is_Under_Attack_.jpg
The Psychopath Test: A Journey Through the Madness Industry,Unknown,Unknown,Unknown,Unknown,Unknown,None,English,images\The_Psychopath_Test__A_Journey_Through_the_Madness_Industry.jpg
The Project,Unknown,Unknown,Unknown,Unknown,Unknown,None,English,images\The_Project.jpg
The Power of Now: A Guide to Spiritual Enlightenment,Unknown,Unknown,Unknown,Unknown,Unknown,None,English,images\The_Power_of_Now__A_Guide_to_Spiritual_Enlightenment.jpg
The Omnivore's Dilemma: A Natural History of Four Meals,Unknown,Unknown,Unknown,Unknown,Unknown,None,English,images\The_Omnivore_s_Dilemma__A_Natural_History_of_Four_Meals.jpg
The Nerdy Nummies Cookbook: Sweet Treats for the Geek in All of Us,Unknown,Unknown,Unknown,Unknown,Unknown,None,English,images\The_Nerdy_Nummies_Cookbook__Sweet_Treats_for_the_Geek_in_All_of_Us.jpg
The Murder of Roger Ackroyd (Hercule Poirot #4),Unknown,Unknown,Unknown,Unknown,Unknown,None,English,images\The_Murder_of_Roger_Ackroyd__Hercule_Poirot__4_.jpg
The Mistake (Off-Campus #2),Unknown,Unknown,Unknown,Unknown,Unknown,None,English,images\The_Mistake__Off_Campus__2_.jpg
The Matchmaker's Playbook (Wingmen Inc. #1),Unknown,Unknown,Unknown,Unknown,Unknown,None,English,images\The_Matchmaker_s_Playbook__Wingmen_Inc___1_.jpg
The Love and Lemons Cookbook: An Apple-to-Zucchini Celebration of Impromptu Cooking,Unknown,Unknown,Unknown,Unknown,Unknown,None,English,images\The_Love_and_Lemons_Cookbook__An_Apple_to_Zucchini_Celebration_of_Impromptu_Cooking.jpg
The Long Shadow of Small Ghosts: Murder and Memory in an American City,Unknown,Unknown,Unknown,Unknown,Unknown,None,English,images\The_Long_Shadow_of_Small_Ghosts__Murder_and_Memory_in_an_American_City.jpg
The Kite Runner,Unknown,Unknown,Unknown,Unknown,Unknown,None,English,images\The_Kite_Runner.jpg
The House by the Lake,Unknown,Unknown,Unknown,Unknown,Unknown,None,English,images\The_House_by_the_Lake.jpg
The Glittering Court (The Glittering Court #1),Unknown,Unknown,Unknown,Unknown,Unknown,None,English,images\The_Glittering_Court__The_Glittering_Court__1_.jpg
The Girl on the Train,Unknown,Unknown,Unknown,Unknown,Unknown,None,English,images\The_Girl_on_the_Train.jpg
The Genius of Birds,Unknown,Unknown,Unknown,Unknown,Unknown,None,English,images\The_Genius_of_Birds.jpg
The Emerald Mystery,Unknown,Unknown,Unknown,Unknown,Unknown,None,English,images\The_Emerald_Mystery.jpg
The Cookies & Cups Cookbook: 125+ sweet & savory recipes reminding you to Always Eat Dessert First,Unknown,Unknown,Unknown,Unknown,Unknown,None,English,images\The_Cookies___Cups_Cookbook__125__sweet___savory_recipes_reminding_you_to_Always_Eat_Dessert_First.jpg
The Bridge to Consciousness: I'm Writing the Bridge Between Science and Our Old and New Beliefs.,Unknown,Unknown,Unknown,Unknown,Unknown,None,English,images\The_Bridge_to_Consciousness__I_m_Writing_the_Bridge_Between_Science_and_Our_Old_and_New_Beliefs_.jpg
The Artist's Way: A Spiritual Path to Higher Creativity,Unknown,Unknown,Unknown,Unknown,Unknown,None,English,images\The_Artist_s_Way__A_Spiritual_Path_to_Higher_Creativity.jpg
The Art of War,Unknown,Unknown,Unknown,Unknown,Unknown,None,English,images\The_Art_of_War.jpg
The Argonauts,Unknown,Unknown,Unknown,Unknown,Unknown,None,English,images\The_Argonauts.jpg
The 10% Entrepreneur: Live Your Startup Dream Without Quitting Your Day Job,Unknown,Unknown,Unknown,Unknown,Unknown,None,English,images\The_10__Entrepreneur__Live_Your_Startup_Dream_Without_Quitting_Your_Day_Job.jpg
Suddenly in Love (Lake Haven #1),Unknown,Unknown,Unknown,Unknown,Unknown,None,English,images\Suddenly_in_Love__Lake_Haven__1_.jpg
Something More Than This,Unknown,Unknown,Unknown,Unknown,Unknown,None,English,images\Something_More_Than_This.jpg
Soft Apocalypse,Unknown,Unknown,Unknown,Unknown,Unknown,None,English,images\Soft_Apocalypse.jpg
So You've Been Publicly Shamed,Unknown,Unknown,Unknown,Unknown,Unknown,None,English,images\So_You_ve_Been_Publicly_Shamed.jpg
Shoe Dog: A Memoir by the Creator of NIKE,Unknown,Unknown,Unknown,Unknown,Unknown,None,English,images\Shoe_Dog__A_Memoir_by_the_Creator_of_NIKE.jpg
"Shobu Samurai, Project Aryoku (#3)",Unknown,Unknown,Unknown,Unknown,Unknown,None,English,images\Shobu_Samurai__Project_Aryoku___3_.jpg
Secrets and Lace (Fatal Hearts #1),Unknown,Unknown,Unknown,Unknown,Unknown,None,English,images\Secrets_and_Lace__Fatal_Hearts__1_.jpg
Scarlett Epstein Hates It Here,Unknown,Unknown,Unknown,Unknown,Unknown,None,English,images\Scarlett_Epstein_Hates_It_Here.jpg
Romero and Juliet: A Tragic Tale of Love and Zombies,Unknown,Unknown,Unknown,Unknown,Unknown,None,English,images\Romero_and_Juliet__A_Tragic_Tale_of_Love_and_Zombies.jpg
Redeeming Love,Unknown,Unknown,Unknown,Unknown,Unknown,None,English,images\Redeeming_Love.jpg
Poses for Artists Volume 1 - Dynamic and Sitting Poses: An Essential Reference for Figure Drawing and the Human Form,Unknown,Unknown,Unknown,Unknown,Unknown,None,English,images\Poses_for_Artists_Volume_1___Dynamic_and_Sitting_Poses__An_Essential_Reference_for_Figure_Drawing_and_the_Human_Form.jpg
Poems That Make Grown Women Cry,Unknown,Unknown,Unknown,Unknown,Unknown,None,English,images\Poems_That_Make_Grown_Women_Cry.jpg
"Nightingale, Sing",Unknown,Unknown,Unknown,Unknown,Unknown,None,English,images\Nightingale__Sing.jpg
Night Sky with Exit Wounds,Unknown,Unknown,Unknown,Unknown,Unknown,None,English,images\Night_Sky_with_Exit_Wounds.jpg
Mrs. Houdini,Unknown,Unknown,Unknown,Unknown,Unknown,None,English,images\Mrs__Houdini.jpg
Modern Romance,Unknown,Unknown,Unknown,Unknown,Unknown,None,English,images\Modern_Romance.jpg
Miss Peregrine’s Home for Peculiar Children (Miss Peregrine’s Peculiar Children #1),Unknown,Unknown,Unknown,Unknown,Unknown,None,English,images\Miss_Peregrine_s_Home_for_Peculiar_Children__Miss_Peregrine_s_Peculiar_Children__1_.jpg
Louisa: The Extraordinary Life of Mrs. Adams,Unknown,Unknown,Unknown,Unknown,Unknown,None,English,images\Louisa__The_Extraordinary_Life_of_Mrs__Adams.jpg
Little Red,Unknown,Unknown,Unknown,Unknown,Unknown,None,English,images\Little_Red.jpg
Library of Souls (Miss Peregrine’s Peculiar Children #3),Unknown,Unknown,Unknown,Unknown,Unknown,None,English,images\Library_of_Souls__Miss_Peregrine_s_Peculiar_Children__3_.jpg
Large Print Heart of the Pride,Unknown,Unknown,Unknown,Unknown,Unknown,None,English,images\Large_Print_Heart_of_the_Pride.jpg
I Had a Nice Time And Other Lies...: How to find love & sh*t like that,Unknown,Unknown,Unknown,Unknown,Unknown,None,English,images\I_Had_a_Nice_Time_And_Other_Lies_____How_to_find_love___sh_t_like_that.jpg
Hollow City (Miss Peregrine’s Peculiar Children #2),Unknown,Unknown,Unknown,Unknown,Unknown,None,English,images\Hollow_City__Miss_Peregrine_s_Peculiar_Children__2_.jpg
Grumbles,Unknown,Unknown,Unknown,Unknown,Unknown,None,English,images\Grumbles.jpg
Full Moon over Noah’s Ark: An Odyssey to Mount Ararat and Beyond,Unknown,Unknown,Unknown,Unknown,Unknown,None,English,images\Full_Moon_over_Noah_s_Ark__An_Odyssey_to_Mount_Ararat_and_Beyond.jpg
Frostbite (Vampire Academy #2),Unknown,Unknown,Unknown,Unknown,Unknown,None,English,images\Frostbite__Vampire_Academy__2_.jpg
Follow You Home,Unknown,Unknown,Unknown,Unknown,Unknown,None,English,images\Follow_You_Home.jpg
First Steps for New Christians (Print Edition),Unknown,Unknown,Unknown,Unknown,Unknown,None,English,images\First_Steps_for_New_Christians__Print_Edition_.jpg
Finders Keepers (Bill Hodges Trilogy #2),Unknown,Unknown,Unknown,Unknown,Unknown,None,English,images\Finders_Keepers__Bill_Hodges_Trilogy__2_.jpg
"Fables, Vol. 1: Legends in Exile (Fables #1)",Unknown,Unknown,Unknown,Unknown,Unknown,None,English,images\Fables__Vol__1__Legends_in_Exile__Fables__1_.jpg
Eureka Trivia 6.0,Unknown,Unknown,Unknown,Unknown,Unknown,None,English,images\Eureka_Trivia_6_0.jpg
Drive: The Surprising Truth About What Motivates Us,Unknown,Unknown,Unknown,Unknown,Unknown,None,English,images\Drive__The_Surprising_Truth_About_What_Motivates_Us.jpg
Done Rubbed Out (Reightman & Bailey #1),Unknown,Unknown,Unknown,Unknown,Unknown,None,English,images\Done_Rubbed_Out__Reightman___Bailey__1_.jpg
Doing It Over (Most Likely To #1),Unknown,Unknown,Unknown,Unknown,Unknown,None,English,images\Doing_It_Over__Most_Likely_To__1_.jpg
"Deliciously Ella Every Day: Quick and Easy Recipes for Gluten-Free Snacks, Packed Lunches, and Simple Meals",Unknown,Unknown,Unknown,Unknown,Unknown,None,English,images\Deliciously_Ella_Every_Day__Quick_and_Easy_Recipes_for_Gluten_Free_Snacks__Packed_Lunches__and_Simple_Meals.jpg
